{
"apiVersion": "V2",
"assemblies": [
{
  "files": [
    {
      "filePath": "assembly_data_report.jsonl",
      "fileType": "DATA_REPORT"
    }
  ]
},{
  "accession": "GCF_005080725.1",
  "files": [
    {
      "filePath": "GCF_005080725.1/GCF_005080725.1_ASM508072v1_genomic.fna",
      "fileType": "GENOMIC_NUCLEOTIDE_FASTA"
    }
  ]
},{
  "accession": "GCF_005080745.1",
  "files": [
    {
      "filePath": "GCF_005080745.1/GCF_005080745.1_ASM508074v1_genomic.fna",
      "fileType": "GENOMIC_NUCLEOTIDE_FASTA"
    }
  ]
},{
  "accession": "GCF_005080765.1",
  "files": [
    {
      "filePath": "GCF_005080765.1/GCF_005080765.1_ASM508076v1_genomic.fna",
      "fileType": "GENOMIC_NUCLEOTIDE_FASTA"
    }
  ]
},{
  "accession": "GCF_005080825.1",
  "files": [
    {
      "filePath": "GCF_005080825.1/GCF_005080825.1_ASM508082v1_genomic.fna",
      "fileType": "GENOMIC_NUCLEOTIDE_FASTA"
    }
  ]
},{
  "accession": "GCF_005080845.1",
  "files": [
    {
      "filePath": "GCF_005080845.1/GCF_005080845.1_ASM508084v1_genomic.fna",
      "fileType": "GENOMIC_NUCLEOTIDE_FASTA"
    }
  ]
},{
  "accession": "GCF_005080885.1",
  "files": [
    {
      "filePath": "GCF_005080885.1/GCF_005080885.1_ASM508088v1_genomic.fna",
      "fileType": "GENOMIC_NUCLEOTIDE_FASTA"
    }
  ]
},{
  "accession": "GCF_005081185.1",
  "files": [
    {
      "filePath": "GCF_005081185.1/GCF_005081185.1_ASM508118v1_genomic.fna",
      "fileType": "GENOMIC_NUCLEOTIDE_FASTA"
    }
  ]
},{
  "accession": "GCF_005081705.1",
  "files": [
    {
      "filePath": "GCF_005081705.1/GCF_005081705.1_ASM508170v1_genomic.fna",
      "fileType": "GENOMIC_NUCLEOTIDE_FASTA"
    }
  ]
},{
  "accession": "GCF_005081945.1",
  "files": [
    {
      "filePath": "GCF_005081945.1/GCF_005081945.1_ASM508194v1_genomic.fna",
      "fileType": "GENOMIC_NUCLEOTIDE_FASTA"
    }
  ]
},{
  "accession": "GCF_005082365.1",
  "files": [
    {
      "filePath": "GCF_005082365.1/GCF_005082365.1_ASM508236v1_genomic.fna",
      "fileType": "GENOMIC_NUCLEOTIDE_FASTA"
    }
  ]
},{
  "accession": "GCF_005082825.1",
  "files": [
    {
      "filePath": "GCF_005082825.1/GCF_005082825.1_ASM508282v1_genomic.fna",
      "fileType": "GENOMIC_NUCLEOTIDE_FASTA"
    }
  ]
},{
  "accession": "GCF_005083105.1",
  "files": [
    {
      "filePath": "GCF_005083105.1/GCF_005083105.1_ASM508310v1_genomic.fna",
      "fileType": "GENOMIC_NUCLEOTIDE_FASTA"
    }
  ]
},{
  "accession": "GCF_005083345.1",
  "files": [
    {
      "filePath": "GCF_005083345.1/GCF_005083345.1_ASM508334v1_genomic.fna",
      "fileType": "GENOMIC_NUCLEOTIDE_FASTA"
    }
  ]
},{
  "accession": "GCF_005083565.1",
  "files": [
    {
      "filePath": "GCF_005083565.1/GCF_005083565.1_ASM508356v1_genomic.fna",
      "fileType": "GENOMIC_NUCLEOTIDE_FASTA"
    }
  ]
},{
  "accession": "GCF_009068925.1",
  "files": [
    {
      "filePath": "GCF_009068925.1/GCF_009068925.1_ASM906892v1_genomic.fna",
      "fileType": "GENOMIC_NUCLEOTIDE_FASTA"
    }
  ]
},{
  "accession": "GCF_009069125.1",
  "files": [
    {
      "filePath": "GCF_009069125.1/GCF_009069125.1_ASM906912v1_genomic.fna",
      "fileType": "GENOMIC_NUCLEOTIDE_FASTA"
    }
  ]
},{
  "accession": "GCF_900560745.1",
  "files": [
    {
      "filePath": "GCF_900560745.1/GCF_900560745.1_BuCistrobi3249_v2.0_genomic.fna",
      "fileType": "GENOMIC_NUCLEOTIDE_FASTA"
    }
  ]
},{
  "accession": "GCF_900698845.1",
  "files": [
    {
      "filePath": "GCF_900698845.1/GCF_900698845.1_BuCisplendens_pseudotsugae_v1.0_genomic.fna",
      "fileType": "GENOMIC_NUCLEOTIDE_FASTA"
    }
  ]
},{
  "accession": "GCF_900698865.1",
  "files": [
    {
      "filePath": "GCF_900698865.1/GCF_900698865.1_BuCicuneomaculata_v1.0_genomic.fna",
      "fileType": "GENOMIC_NUCLEOTIDE_FASTA"
    }
  ]
},{
  "accession": "GCF_900698895.1",
  "files": [
    {
      "filePath": "GCF_900698895.1/GCF_900698895.1_BuCicurtihirsuta_v1.0_genomic.fna",
      "fileType": "GENOMIC_NUCLEOTIDE_FASTA"
    }
  ]
},{
  "accession": "GCF_900698905.1",
  "files": [
    {
      "filePath": "GCF_900698905.1/GCF_900698905.1_BuCikochiana_v1.0_genomic.fna",
      "fileType": "GENOMIC_NUCLEOTIDE_FASTA"
    }
  ]
},{
  "accession": "GCF_900698915.1",
  "files": [
    {
      "filePath": "GCF_900698915.1/GCF_900698915.1_BuCicurvipes_v1.0_genomic.fna",
      "fileType": "GENOMIC_NUCLEOTIDE_FASTA"
    }
  ]
},{
  "accession": "GCF_900698945.1",
  "files": [
    {
      "filePath": "GCF_900698945.1/GCF_900698945.1_BuCilaricifoliae_v1.0_genomic.fna",
      "fileType": "GENOMIC_NUCLEOTIDE_FASTA"
    }
  ]
},{
  "accession": "GCF_900698975.1",
  "files": [
    {
      "filePath": "GCF_900698975.1/GCF_900698975.1_BuCisplendens_Palmer_v1.0_genomic.fna",
      "fileType": "GENOMIC_NUCLEOTIDE_FASTA"
    }
  ]
},{
  "accession": "GCF_900699025.1",
  "files": [
    {
      "filePath": "GCF_900699025.1/GCF_900699025.1_BuCipseudotaxifoliae_v2.0_genomic.fna",
      "fileType": "GENOMIC_NUCLEOTIDE_FASTA"
    }
  ]
},{
  "accession": "GCF_900699035.1",
  "files": [
    {
      "filePath": "GCF_900699035.1/GCF_900699035.1_BuCipiceae_v1.0_genomic.fna",
      "fileType": "GENOMIC_NUCLEOTIDE_FASTA"
    }
  ]
}]}
